,index,hoofdKleur,grijsGroep,R,G,B,grijswaarde,aantal,hex
0,2,0,0,76,84,57,79.2064,331390,#4c5439
1,5,0,1,129,132,99,127.0525,250291,#818463
2,8,0,2,180,176,147,172.6673,114933,#b4b093
3,1,1,0,60,44,17,45.962,76265,#3c2c11
4,4,1,1,121,91,51,95.17155,36202,#795b33
5,7,1,2,181,134,83,141.11165,10562,#b58653
6,0,2,0,32,50,13,40.973,122611,#20320d
7,3,2,1,78,103,39,87.9269,47524,#4e6727
8,6,2,2,120,152,60,130.75175000000002,10222,#78983c
