,index,hoofdKleur,grijsGroep,R,G,B,grijswaarde,aantal,hex
0,2,0,0,84,94,58,75.37146610338272,331390,#545e3a
1,5,0,1,133,137,91,127.99514431281987,250291,#85895b
2,8,0,2,189,182,136,178.10016546857736,114933,#bdb688
3,1,1,0,76,53,18,44.712927070084575,76265,#4c3512
4,4,1,1,129,94,45,96.83859209159715,36202,#815e2d
5,7,1,2,192,142,76,145.23266207157735,10562,#c08e4c
6,0,2,0,41,63,13,40.58858021466263,122611,#293f0d
7,3,2,1,81,109,33,89.4859001977948,47524,#516d21
8,6,2,2,131,162,51,135.18947858540403,10222,#83a233
