,index,hoofdKleur,grijsGroep,R,G,B,grijswaarde,aantal,hex
0,1,0,0,60,56,22,139.32480139429313,98688,#3c3816
1,4,0,1,110,103,51,265.9015311611465,104104,#6e6733
2,7,0,2,167,147,88,403.9475879662614,87022,#a79358
3,3,1,0,76,89,61,227.66913921095818,168787,#4c593d
4,6,1,1,131,138,107,377.90812136680603,241351,#838a6b
5,8,1,2,190,190,161,541.472752494601,126874,#bebea1
6,0,2,0,29,54,8,93.66827070178854,71902,#1d3608
7,2,2,1,58,95,23,177.01230372948237,72986,#3a5f17
8,5,2,2,98,145,40,284.1204482783002,28286,#629128
