,index,hoofdKleur,grijsGroep,R,G,B,grijswaarde,aantal,hex
0,3,0,0,77,89,62,228.63430499101995,169264,#4d593e
1,6,0,1,131,138,108,378.8500068786973,239871,#838a6c
2,8,0,2,190,190,161,542.332782994531,125983,#bebea1
3,0,1,0,29,54,8,92.94155889647055,71371,#1d3608
4,2,1,1,57,95,23,176.2249279382172,73548,#395f17
5,5,1,2,98,146,40,284.8953068592058,28254,#629228
6,1,2,0,61,57,23,141.49908044411143,102767,#3d3917
7,4,2,1,112,104,52,268.9151806391848,103632,#706834
8,7,2,2,168,148,89,405.7642480365725,85310,#a89459
