,index,hoofdKleur,grijsGroep,R,G,B,grijswaarde,aantal,hex
0,1,0,0,99,67,27,60.47980525728336,238317,#63431b
1,3,0,1,156,119,72,123.15909199550222,181423,#9c7748
2,5,0,2,210,174,122,179.87147028508963,114350,#d2ae7a
3,0,1,0,56,76,24,49.26976743799726,274504,#384c18
4,2,1,1,115,140,60,117.93507252360503,140648,#738c3c
5,4,1,2,178,201,91,175.9235483056858,50758,#b2c95b
