,index,hoofdKleur,grijsGroep,R,G,B,grijswaarde,aantal,hex
0,2,0,0,109,90,56,71.9251498091262,313296,#6d5a38
1,6,0,1,164,137,93,138.32894036364624,184245,#a4895d
2,8,0,2,216,185,133,189.3183695671544,101006,#d8b985
3,1,1,0,55,74,22,49.3482493785188,202661,#374a16
4,4,1,1,111,137,54,115.12520575279383,85993,#6f8936
5,7,1,2,174,199,76,172.6896136385944,20376,#aec74c
6,0,2,0,80,47,10,42.98825530646666,61067,#502f0a
7,3,2,1,136,81,27,89.75709254487488,22897,#88511b
8,5,2,2,194,121,54,132.38367237262088,8459,#c27936
