,index,hoofdKleur,grijsGroep,R,G,B,grijswaarde,aantal,hex
0,1,0,0,32,41,23,55.40583667287321,411394,#202917
1,3,0,1,165,158,112,133.66702735011938,385757,#a59e70
2,5,0,2,224,210,172,204.32561711813392,55818,#e0d2ac
3,0,1,0,38,22,5,28.7385718065274,39158,#261605
4,2,1,1,93,58,19,71.9481114855647,81363,#5d3a13
5,4,1,2,203,134,78,133.84765226329688,26510,#cb864e
