,index,hoofdKleur,grijsGroep,R,G,B,grijswaarde,aantal,hex
0,1,0,0,56,47,26,130.76344620740028,64349,#382f1a
1,4,0,1,118,101,54,275.3209227306827,133300,#766536
2,7,0,2,168,142,94,405.50890564462713,110211,#a88e5e
3,0,1,0,31,42,9,84.67538885472888,43911,#1f2a09
4,3,1,1,81,92,26,200.65303583769375,50645,#515c1a
5,6,1,2,138,183,66,388.2706187725027,11943,#8ab742
6,2,2,0,49,53,43,146.73128398950132,238125,#31352b
7,5,2,1,100,104,87,292.70038000341293,240261,#646857
8,8,2,2,174,168,145,489.11372896368465,107255,#aea891
